epoch_millis,local_time,event,variant,scheduled_epoch,scheduled_local,delay_seconds,idle,power_save,batt_opt_ignored,interactive,note
1787145593289,2026-08-19 18:49:53.289,SCHEDULE_FAILED,ALARM_CLOCK,1787145713287,2026-08-19 18:51:53.287,-119.998,0,0,0,1,SecurityException: Caller com.timeapp.alarm_spike needs to hold android.permission.SCHEDULE_EXACT_ALARM or android.permission.USE_EXACT_ALARM to set exact alarms.
1787145593292,2026-08-19 18:49:53.292,SCHEDULE_FAILED,EXACT_IDLE,1787145713287,2026-08-19 18:51:53.287,-119.995,0,0,0,1,SecurityException: Caller com.timeapp.alarm_spike needs to hold android.permission.SCHEDULE_EXACT_ALARM or android.permission.USE_EXACT_ALARM to set exact alarms.
1787145593294,2026-08-19 18:49:53.294,SCHEDULED,INEXACT_IDLE,1787145713287,2026-08-19 18:51:53.287,-119.993,0,0,0,1,
1787145593302,2026-08-19 18:49:53.302,SCHEDULED,WORKMANAGER,1787145713287,2026-08-19 18:51:53.287,-119.985,0,0,0,1,
1787145602428,2026-08-19 18:50:02.428,SCHEDULE_FAILED,ALARM_CLOCK,1787145722426,2026-08-19 18:52:02.426,-119.998,0,0,0,1,SecurityException: Caller com.timeapp.alarm_spike needs to hold android.permission.SCHEDULE_EXACT_ALARM or android.permission.USE_EXACT_ALARM to set exact alarms.
1787145602430,2026-08-19 18:50:02.430,SCHEDULE_FAILED,EXACT_IDLE,1787145722426,2026-08-19 18:52:02.426,-119.996,0,0,0,1,SecurityException: Caller com.timeapp.alarm_spike needs to hold android.permission.SCHEDULE_EXACT_ALARM or android.permission.USE_EXACT_ALARM to set exact alarms.
1787145602432,2026-08-19 18:50:02.432,SCHEDULED,INEXACT_IDLE,1787145722426,2026-08-19 18:52:02.426,-119.994,0,0,0,1,
1787145602433,2026-08-19 18:50:02.433,SCHEDULED,WORKMANAGER,1787145722426,2026-08-19 18:52:02.426,-119.993,0,0,0,1,
1787145745516,2026-08-19 18:52:25.516,APP_OPEN,,,,,0,0,0,1,
1787145812436,2026-08-19 18:53:32.436,FIRED,INEXACT_IDLE,1787145722426,2026-08-19 18:52:02.426,90.010,0,0,0,1,receiver
1787145830148,2026-08-19 18:53:50.148,SCHEDULED,ALARM_CLOCK,1787145950146,2026-08-19 18:55:50.146,-119.998,0,0,0,1,
1787145830151,2026-08-19 18:53:50.151,SCHEDULED,EXACT_IDLE,1787145950146,2026-08-19 18:55:50.146,-119.995,0,0,0,1,
1787145830154,2026-08-19 18:53:50.154,SCHEDULED,INEXACT_IDLE,1787145950146,2026-08-19 18:55:50.146,-119.992,0,0,0,1,
1787145830162,2026-08-19 18:53:50.162,SCHEDULED,WORKMANAGER,1787145950146,2026-08-19 18:55:50.146,-119.984,0,0,0,1,
1787145950287,2026-08-19 18:55:50.287,FIRED,EXACT_IDLE,1787145950146,2026-08-19 18:55:50.146,0.141,0,0,0,1,receiver
1787145950317,2026-08-19 18:55:50.317,FIRED,ALARM_CLOCK,1787145950146,2026-08-19 18:55:50.146,0.171,0,0,0,1,receiver
1787146022412,2026-08-19 18:57:02.412,APP_OPEN,,,,,0,0,0,1,
1787146040147,2026-08-19 18:57:20.147,FIRED,INEXACT_IDLE,1787145950146,2026-08-19 18:55:50.146,90.001,0,0,0,1,receiver
1787146404994,2026-08-19 19:03:24.994,BOOT,,,,,0,0,0,1,android.intent.action.LOCKED_BOOT_COMPLETED
1787146404994,2026-08-19 19:03:24.994,MISSED_AT_BOOT,WORKMANAGER,1787145950146,2026-08-19 18:55:50.146,454.848,0,0,0,1,android.intent.action.LOCKED_BOOT_COMPLETED
1787146405349,2026-08-19 19:03:25.349,APP_OPEN,,,,,0,0,0,1,
1787146405400,2026-08-19 19:03:25.400,BOOT,,,,,0,0,0,1,android.intent.action.BOOT_COMPLETED
1787146405707,2026-08-19 19:03:25.707,FIRED,WORKMANAGER,1787145950146,2026-08-19 18:55:50.146,455.561,0,0,0,1,worker
1787146426786,2026-08-19 19:03:46.786,SCHEDULED,ALARM_CLOCK,1787146546778,2026-08-19 19:05:46.778,-119.992,0,0,0,1,
1787146426788,2026-08-19 19:03:46.788,SCHEDULED,EXACT_IDLE,1787146546778,2026-08-19 19:05:46.778,-119.990,0,0,0,1,
1787146426791,2026-08-19 19:03:46.791,SCHEDULED,INEXACT_IDLE,1787146546778,2026-08-19 19:05:46.778,-119.987,0,0,0,1,
1787146426794,2026-08-19 19:03:46.794,SCHEDULED,WORKMANAGER,1787146546778,2026-08-19 19:05:46.778,-119.984,0,0,0,1,
1787146546880,2026-08-19 19:05:46.880,FIRED,EXACT_IDLE,1787146546778,2026-08-19 19:05:46.778,0.102,0,0,0,1,receiver
1787146546887,2026-08-19 19:05:46.887,FIRED,WORKMANAGER,1787146546778,2026-08-19 19:05:46.778,0.109,0,0,0,1,worker
1787146546893,2026-08-19 19:05:46.893,FIRED,ALARM_CLOCK,1787146546778,2026-08-19 19:05:46.778,0.115,0,0,0,1,receiver
1787146636788,2026-08-19 19:07:16.788,FIRED,INEXACT_IDLE,1787146546778,2026-08-19 19:05:46.778,90.010,0,0,0,1,receiver
1787181633944,2026-08-20 04:50:33.944,APP_OPEN,,,,,0,0,0,1,
1787181676622,2026-08-20 04:51:16.622,SCHEDULED,ALARM_CLOCK,1787198400000,2026-08-20 09:30:00.000,-16723.378,0,0,1,1,
1787181676624,2026-08-20 04:51:16.624,SCHEDULED,EXACT_IDLE,1787198400000,2026-08-20 09:30:00.000,-16723.376,0,0,1,1,
1787181676627,2026-08-20 04:51:16.627,SCHEDULED,INEXACT_IDLE,1787198400000,2026-08-20 09:30:00.000,-16723.373,0,0,1,1,
1787181676642,2026-08-20 04:51:16.642,SCHEDULED,WORKMANAGER,1787198400000,2026-08-20 09:30:00.000,-16723.358,0,0,1,1,
1787198400552,2026-08-20 09:30:00.552,FIRED,ALARM_CLOCK,1787198400000,2026-08-20 09:30:00.000,0.552,0,0,1,0,receiver
1787198400615,2026-08-20 09:30:00.615,FIRED,EXACT_IDLE,1787198400000,2026-08-20 09:30:00.000,0.615,0,0,1,0,receiver
1787198400678,2026-08-20 09:30:00.678,FIRED,WORKMANAGER,1787198400000,2026-08-20 09:30:00.000,0.678,0,0,1,0,worker
1787198510222,2026-08-20 09:31:50.222,FIRED,INEXACT_IDLE,1787198400000,2026-08-20 09:30:00.000,110.222,0,0,1,0,receiver
1787199052876,2026-08-20 09:40:52.876,APP_OPEN,,,,,0,0,1,1,
1787213073361,2026-08-20 13:34:33.361,APP_OPEN,,,,,0,0,1,0,
1787214314046,2026-08-20 13:55:14.046,APP_OPEN,,,,,0,0,0,1,
